k,retrieval_ms,answer_ms,recall_at_k,mrr,hallucination
3,175.19134159982204,,0.0,0.0,
5,175.19134159982204,,0.0,0.0,
10,175.19134159982204,,0.0,0.0,
